graph,policy,streams_used,intra_events,intra_waits,forkjoin_events,median_ms,min_ms,speedup,enqueue_us,concurrency,peak_bytes,naive_bytes
diamond_gemm_2048,sequential,1,0,0,0,5.287862,5.242304,1.0000,6.43,0.0000,83886080,83886080
diamond_gemm_2048,level_parallel,2,1,1,4,5.183198,4.914142,1.0202,8.33,0.0000,83886080,83886080
diamond_gemm_2048,chain_greedy,3,2,2,7,5.176916,4.918335,1.0214,9.62,0.0000,83886080,83886080
chain16,sequential,1,0,0,0,2.674339,2.670813,1.0000,31.76,0.0000,268451840,1140867072
chain16,level_parallel,1,0,0,0,2.675018,2.671886,0.9997,31.87,0.0000,268451840,1140867072
chain16,chain_greedy,1,0,0,0,2.674598,2.672162,0.9999,31.22,0.0000,268451840,1140867072
fanout4x4,sequential,1,0,0,0,3.325557,3.316731,1.0000,31.35,0.0000,184557568,285220864
fanout4x4,level_parallel,4,12,36,10,1.041101,1.034951,3.1943,50.38,0.0000,218112000,285220864
fanout4x4,chain_greedy,4,0,0,10,1.019922,0.979831,3.2606,34.80,0.0000,218112000,285220864
diamond_starved,sequential,1,0,0,0,1.079070,1.070232,1.0000,6.39,0.0000,536887296,536887296
diamond_starved,level_parallel,2,1,1,4,0.913151,0.902305,1.1817,8.25,0.0000,536887296,536887296
diamond_starved,chain_greedy,2,0,0,4,0.905450,0.892856,1.1917,7.32,0.0000,536887296,536887296
transformer_block,sequential,1,0,0,0,7.985699,7.294575,1.0000,8.54,0.0000,201342976,218120192
transformer_block,level_parallel,1,0,0,0,6.850101,6.798020,1.1658,8.56,0.0000,201342976,218120192
transformer_block,chain_greedy,1,0,0,0,6.804717,6.781737,1.1736,8.36,0.0000,201342976,218120192
