kernel,variant,median_ms,min_ms,iterations,ideal_flops,ideal_bytes,achieved_gb_s,achieved_tflops,arithmetic_intensity,attainable_tflops,efficiency_pct,bound
row_reduce_sum,smem_tree_256t,0.183296,0.183296,20,33546240,134250496,732.425,0.183017,0.249878,0.158473,115.488,memory
row_reduce_max,smem_tree_256t,0.18432,0.183296,20,33546240,134250496,728.356,0.182,0.249878,0.158473,114.846,memory
row_reduce_mean,smem_tree_256t,0.18432,0.183296,20,33546240,134250496,728.356,0.182,0.249878,0.158473,114.846,memory
row_reduce_sum,warp_shuffle_256t,0.181248,0.180224,20,33546240,134250496,740.701,0.185085,0.249878,0.158473,116.793,memory
row_reduce_max,warp_shuffle_256t,0.181248,0.181248,20,33546240,134250496,740.701,0.185085,0.249878,0.158473,116.793,memory
row_reduce_mean,warp_shuffle_256t,0.181248,0.180224,20,33546240,134250496,740.701,0.185085,0.249878,0.158473,116.793,memory
row_reduce_sum,two_pass_256t,0.17408,0.173056,20,33546240,134250496,771.2,0.192706,0.249878,0.158473,121.602,memory
row_reduce_sum,warp_shuffle_256t_starved,0.784384,0.776192,20,33554368,134217984,171.113,0.042778,0.249999,0.158549,26.9809,memory
row_reduce_sum,two_pass_256t_starved,0.188416,0.186368,20,33554368,134217984,712.349,0.178087,0.249999,0.158549,112.322,memory
