trace,allocator,op_index,phase,alloc_calls,free_calls,raw_malloc_calls,oom_events,bytes_reserved,bytes_in_use,bytes_requested,peak_bytes_in_use,largest_free_block,blocking_drains
uniform_pow2,raw,0,warmup,1,0,1,0,2048,2048,2048,2048,0,0
uniform_pow2,raw,5000,warmup,2609,2392,2609,0,26886400,26886400,26886400,28730880,0,0
uniform_pow2,raw,10000,churn,5083,4918,5083,0,23171328,23171328,23171328,28730880,0,0
uniform_pow2,raw,15000,churn,7574,7427,7574,0,21458688,21458688,21458688,31238656,0,0
uniform_pow2,raw,20000,churn,10080,9921,10080,0,29363200,29363200,29363200,31238656,0,0
uniform_pow2,raw,25000,churn,12563,12438,12563,0,23239936,23239936,23239936,31238656,0,0
uniform_pow2,raw,30000,churn,15071,14930,15071,0,25462016,25462016,25462016,31238656,0,0
uniform_pow2,raw,35000,churn,17582,17419,17582,0,30815488,30815488,30815488,31238656,0,0
uniform_pow2,raw,40000,churn,20074,19927,20074,0,24212992,24212992,24212992,31238656,0,0
uniform_pow2,raw,45000,churn,22563,22438,22563,0,26430208,26430208,26430208,31238656,0,0
uniform_pow2,raw,50000,churn,25087,24914,25087,0,30064896,30064896,30064896,31238656,0,0
uniform_pow2,raw,55000,churn,27581,27420,27581,0,25561088,25561088,25561088,31238656,0,0
uniform_pow2,raw,60000,churn,30080,29921,30080,0,30169600,30169600,30169600,31246080,0,0
uniform_pow2,raw,65000,churn,32583,32418,32583,0,29317888,29317888,29317888,31246080,0,0
uniform_pow2,raw,70000,churn,35074,34927,35074,0,21320960,21320960,21320960,31246080,0,0
uniform_pow2,raw,75000,churn,37576,37425,37576,0,27292416,27292416,27292416,31246080,0,0
uniform_pow2,raw,80000,churn,40070,39931,40070,0,26221056,26221056,26221056,31246080,0,0
uniform_pow2,raw,85000,churn,42590,42411,42590,0,26781952,26781952,26781952,31246080,0,0
uniform_pow2,raw,90000,adversarial,45055,44946,45055,0,20278528,20278528,20278528,31246080,0,0
uniform_pow2,raw,95000,adversarial,50004,44997,50004,0,19933952,19933952,19933952,31246080,0,0
uniform_pow2,raw,100000,adversarial,54982,45019,54982,0,19393024,19393024,19393024,31246080,0,0
uniform_pow2,raw,105000,adversarial,59977,45024,59977,0,19890688,19890688,19890688,31246080,0,0
uniform_pow2,raw,110000,adversarial,64955,45046,64955,0,19791360,19791360,19791360,31246080,0,0
uniform_pow2,raw,115000,adversarial,69941,45060,69941,0,19421696,19421696,19421696,31246080,0,0
uniform_pow2,raw,120000,adversarial,74940,45061,74940,0,19652864,19652864,19652864,31246080,0,0
uniform_pow2,raw,125000,adversarial,79939,45062,79939,0,19884032,19884032,19884032,31246080,0,0
uniform_pow2,raw,130000,adversarial,82998,47003,82998,0,27571456,27571456,27571456,31246080,0,0
uniform_pow2,raw,135000,adversarial,85490,49511,85490,0,28205312,28205312,28205312,31246080,0,0
uniform_pow2,raw,140000,adversarial,87346,52655,87346,0,30198784,30198784,30198784,31246080,0,0
uniform_pow2,raw,145000,adversarial,89013,55988,89013,0,30199040,30199040,30199040,31246080,0,0
uniform_pow2,raw,150000,adversarial,91066,58935,91066,0,30016256,30016256,30016256,31246080,0,0
uniform_pow2,raw,155000,adversarial,93060,61941,93060,0,30198784,30198784,30198784,31246080,0,0
uniform_pow2,raw,160000,adversarial,94855,65146,94855,0,28152064,28152064,28152064,31246080,0,0
uniform_pow2,raw,165000,adversarial,97330,67671,97330,0,25367552,25367552,25367552,31246080,0,0
uniform_pow2,raw,170000,drain,99816,70185,99816,0,25996800,25996800,25996800,31246080,0,0
uniform_pow2,raw,175000,drain,99816,75185,99816,0,21091584,21091584,21091584,31246080,0,0
uniform_pow2,raw,180000,drain,99816,80185,99816,0,17735168,17735168,17735168,31246080,0,0
uniform_pow2,raw,185000,drain,99816,85185,99816,0,13378560,13378560,13378560,31246080,0,0
uniform_pow2,raw,190000,drain,99816,90185,99816,0,8550400,8550400,8550400,31246080,0,0
uniform_pow2,raw,195000,drain,99816,95185,99816,0,3126528,3126528,3126528,31246080,0,0
uniform_pow2,raw,199631,drain,99816,99816,99816,0,0,0,0,31246080,0,0
uniform_pow2,buddy/same_stream,0,warmup,1,0,1,0,16777216,2048,2048,2048,8388608,0
uniform_pow2,buddy/same_stream,5000,warmup,2609,2392,2,0,50331648,26886400,26886400,28730880,16777216,0
uniform_pow2,buddy/same_stream,10000,churn,5083,4918,2,0,50331648,23171328,23171328,28730880,16777216,0
uniform_pow2,buddy/same_stream,15000,churn,7574,7427,2,0,50331648,21458688,21458688,31238656,16777216,0
uniform_pow2,buddy/same_stream,20000,churn,10080,9921,2,0,50331648,29363200,29363200,31238656,16777216,0
uniform_pow2,buddy/same_stream,25000,churn,12563,12438,2,0,50331648,23239936,23239936,31238656,8388608,0
uniform_pow2,buddy/same_stream,30000,churn,15071,14930,2,0,50331648,25462016,25462016,31238656,16777216,0
uniform_pow2,buddy/same_stream,35000,churn,17582,17419,2,0,50331648,30815488,30815488,31238656,8388608,0
uniform_pow2,buddy/same_stream,40000,churn,20074,19927,2,0,50331648,24212992,24212992,31238656,8388608,0
uniform_pow2,buddy/same_stream,45000,churn,22563,22438,2,0,50331648,26430208,26430208,31238656,16777216,0
uniform_pow2,buddy/same_stream,50000,churn,25087,24914,2,0,50331648,30064896,30064896,31238656,16777216,0
uniform_pow2,buddy/same_stream,55000,churn,27581,27420,2,0,50331648,25561088,25561088,31238656,16777216,0
uniform_pow2,buddy/same_stream,60000,churn,30080,29921,2,0,50331648,30169600,30169600,31246080,8388608,0
uniform_pow2,buddy/same_stream,65000,churn,32583,32418,2,0,50331648,29317888,29317888,31246080,16777216,0
uniform_pow2,buddy/same_stream,70000,churn,35074,34927,2,0,50331648,21320960,21320960,31246080,16777216,0
uniform_pow2,buddy/same_stream,75000,churn,37576,37425,2,0,50331648,27292416,27292416,31246080,16777216,0
uniform_pow2,buddy/same_stream,80000,churn,40070,39931,2,0,50331648,26221056,26221056,31246080,16777216,0
uniform_pow2,buddy/same_stream,85000,churn,42590,42411,2,0,50331648,26781952,26781952,31246080,16777216,0
uniform_pow2,buddy/same_stream,90000,adversarial,45055,44946,2,0,50331648,20278528,20278528,31246080,8388608,0
uniform_pow2,buddy/same_stream,95000,adversarial,50004,44997,2,0,50331648,19933952,19933952,31246080,8388608,0
uniform_pow2,buddy/same_stream,100000,adversarial,54982,45019,2,0,50331648,19393024,19393024,31246080,8388608,0
uniform_pow2,buddy/same_stream,105000,adversarial,59977,45024,2,0,50331648,19890688,19890688,31246080,16777216,0
uniform_pow2,buddy/same_stream,110000,adversarial,64955,45046,2,0,50331648,19791360,19791360,31246080,16777216,0
uniform_pow2,buddy/same_stream,115000,adversarial,69941,45060,2,0,50331648,19421696,19421696,31246080,16777216,0
uniform_pow2,buddy/same_stream,120000,adversarial,74940,45061,2,0,50331648,19652864,19652864,31246080,16777216,0
uniform_pow2,buddy/same_stream,125000,adversarial,79939,45062,2,0,50331648,19884032,19884032,31246080,16777216,0
uniform_pow2,buddy/same_stream,130000,adversarial,82998,47003,2,0,50331648,27571456,27571456,31246080,16777216,0
uniform_pow2,buddy/same_stream,135000,adversarial,85490,49511,2,0,50331648,28205312,28205312,31246080,16777216,0
uniform_pow2,buddy/same_stream,140000,adversarial,87346,52655,2,0,50331648,30198784,30198784,31246080,16777216,0
uniform_pow2,buddy/same_stream,145000,adversarial,89013,55988,2,0,50331648,30199040,30199040,31246080,16777216,0
uniform_pow2,buddy/same_stream,150000,adversarial,91066,58935,2,0,50331648,30016256,30016256,31246080,16777216,0
uniform_pow2,buddy/same_stream,155000,adversarial,93060,61941,2,0,50331648,30198784,30198784,31246080,16777216,0
uniform_pow2,buddy/same_stream,160000,adversarial,94855,65146,2,0,50331648,28152064,28152064,31246080,16777216,0
uniform_pow2,buddy/same_stream,165000,adversarial,97330,67671,2,0,50331648,25367552,25367552,31246080,16777216,0
uniform_pow2,buddy/same_stream,170000,drain,99816,70185,2,0,50331648,25996800,25996800,31246080,16777216,0
uniform_pow2,buddy/same_stream,175000,drain,99816,75185,2,0,50331648,21091584,21091584,31246080,16777216,0
uniform_pow2,buddy/same_stream,180000,drain,99816,80185,2,0,50331648,17735168,17735168,31246080,16777216,0
uniform_pow2,buddy/same_stream,185000,drain,99816,85185,2,0,50331648,13378560,13378560,31246080,16777216,0
uniform_pow2,buddy/same_stream,190000,drain,99816,90185,2,0,50331648,8550400,8550400,31246080,16777216,0
uniform_pow2,buddy/same_stream,195000,drain,99816,95185,2,0,50331648,3126528,3126528,31246080,16777216,0
uniform_pow2,buddy/same_stream,199631,drain,99816,99816,2,0,50331648,0,0,31246080,16777216,0
uniform_pow2,buddy/coarse_poll,0,warmup,1,0,1,0,16777216,2048,2048,2048,8388608,0
uniform_pow2,buddy/coarse_poll,5000,warmup,2609,2392,2,0,50331648,26886400,26886400,28730880,16777216,0
uniform_pow2,buddy/coarse_poll,10000,churn,5083,4918,2,0,50331648,23171328,23171328,28730880,16777216,0
uniform_pow2,buddy/coarse_poll,15000,churn,7574,7427,2,0,50331648,21458688,21458688,31238656,16777216,0
uniform_pow2,buddy/coarse_poll,20000,churn,10080,9921,2,0,50331648,29363200,29363200,31238656,16777216,0
uniform_pow2,buddy/coarse_poll,25000,churn,12563,12438,2,0,50331648,23239936,23239936,31238656,8388608,0
uniform_pow2,buddy/coarse_poll,30000,churn,15071,14930,2,0,50331648,25462016,25462016,31238656,16777216,0
uniform_pow2,buddy/coarse_poll,35000,churn,17582,17419,2,0,50331648,30815488,30815488,31238656,8388608,0
uniform_pow2,buddy/coarse_poll,40000,churn,20074,19927,2,0,50331648,24212992,24212992,31238656,8388608,0
uniform_pow2,buddy/coarse_poll,45000,churn,22563,22438,2,0,50331648,26430208,26430208,31238656,16777216,0
uniform_pow2,buddy/coarse_poll,50000,churn,25087,24914,2,0,50331648,30064896,30064896,31238656,16777216,0
uniform_pow2,buddy/coarse_poll,55000,churn,27581,27420,2,0,50331648,25561088,25561088,31238656,16777216,0
uniform_pow2,buddy/coarse_poll,60000,churn,30080,29921,2,0,50331648,30169600,30169600,31246080,8388608,0
uniform_pow2,buddy/coarse_poll,65000,churn,32583,32418,2,0,50331648,29317888,29317888,31246080,16777216,0
uniform_pow2,buddy/coarse_poll,70000,churn,35074,34927,2,0,50331648,21320960,21320960,31246080,16777216,0
uniform_pow2,buddy/coarse_poll,75000,churn,37576,37425,2,0,50331648,27292416,27292416,31246080,16777216,0
uniform_pow2,buddy/coarse_poll,80000,churn,40070,39931,2,0,50331648,26221056,26221056,31246080,16777216,0
uniform_pow2,buddy/coarse_poll,85000,churn,42590,42411,2,0,50331648,26781952,26781952,31246080,16777216,0
uniform_pow2,buddy/coarse_poll,90000,adversarial,45055,44946,2,0,50331648,20278528,20278528,31246080,8388608,0
uniform_pow2,buddy/coarse_poll,95000,adversarial,50004,44997,2,0,50331648,19933952,19933952,31246080,8388608,0
uniform_pow2,buddy/coarse_poll,100000,adversarial,54982,45019,2,0,50331648,19393024,19393024,31246080,8388608,0
uniform_pow2,buddy/coarse_poll,105000,adversarial,59977,45024,2,0,50331648,19890688,19890688,31246080,16777216,0
uniform_pow2,buddy/coarse_poll,110000,adversarial,64955,45046,2,0,50331648,19791360,19791360,31246080,16777216,0
uniform_pow2,buddy/coarse_poll,115000,adversarial,69941,45060,2,0,50331648,19421696,19421696,31246080,16777216,0
uniform_pow2,buddy/coarse_poll,120000,adversarial,74940,45061,2,0,50331648,19652864,19652864,31246080,16777216,0
uniform_pow2,buddy/coarse_poll,125000,adversarial,79939,45062,2,0,50331648,19884032,19884032,31246080,16777216,0
uniform_pow2,buddy/coarse_poll,130000,adversarial,82998,47003,2,0,50331648,27571456,27571456,31246080,16777216,0
uniform_pow2,buddy/coarse_poll,135000,adversarial,85490,49511,2,0,50331648,28205312,28205312,31246080,16777216,0
uniform_pow2,buddy/coarse_poll,140000,adversarial,87346,52655,2,0,50331648,30198784,30198784,31246080,16777216,0
uniform_pow2,buddy/coarse_poll,145000,adversarial,89013,55988,2,0,50331648,30199040,30199040,31246080,16777216,0
uniform_pow2,buddy/coarse_poll,150000,adversarial,91066,58935,2,0,50331648,30016256,30016256,31246080,16777216,0
uniform_pow2,buddy/coarse_poll,155000,adversarial,93060,61941,2,0,50331648,30198784,30198784,31246080,16777216,0
uniform_pow2,buddy/coarse_poll,160000,adversarial,94855,65146,2,0,50331648,28152064,28152064,31246080,16777216,0
uniform_pow2,buddy/coarse_poll,165000,adversarial,97330,67671,2,0,50331648,25367552,25367552,31246080,16777216,0
uniform_pow2,buddy/coarse_poll,170000,drain,99816,70185,2,0,50331648,25996800,25996800,31246080,16777216,0
uniform_pow2,buddy/coarse_poll,175000,drain,99816,75185,2,0,50331648,21091584,21091584,31246080,16777216,0
uniform_pow2,buddy/coarse_poll,180000,drain,99816,80185,2,0,50331648,17735168,17735168,31246080,16777216,0
uniform_pow2,buddy/coarse_poll,185000,drain,99816,85185,2,0,50331648,13378560,13378560,31246080,16777216,0
uniform_pow2,buddy/coarse_poll,190000,drain,99816,90185,2,0,50331648,8550400,8550400,31246080,16777216,0
uniform_pow2,buddy/coarse_poll,195000,drain,99816,95185,2,0,50331648,3126528,3126528,31246080,16777216,0
uniform_pow2,buddy/coarse_poll,199631,drain,99816,99816,2,0,50331648,0,0,31246080,33554432,0
uniform_pow2,buddy/event,0,warmup,1,0,1,0,16777216,2048,2048,2048,8388608,0
uniform_pow2,buddy/event,5000,warmup,2609,2392,2,0,50331648,26886400,26886400,28730880,16777216,0
uniform_pow2,buddy/event,10000,churn,5083,4918,2,0,50331648,23171328,23171328,28730880,16777216,0
uniform_pow2,buddy/event,15000,churn,7574,7427,2,0,50331648,21458688,21458688,31238656,16777216,0
uniform_pow2,buddy/event,20000,churn,10080,9921,2,0,50331648,29363200,29363200,31238656,16777216,0
uniform_pow2,buddy/event,25000,churn,12563,12438,2,0,50331648,23239936,23239936,31238656,8388608,0
uniform_pow2,buddy/event,30000,churn,15071,14930,2,0,50331648,25462016,25462016,31238656,16777216,0
uniform_pow2,buddy/event,35000,churn,17582,17419,2,0,50331648,30815488,30815488,31238656,8388608,0
uniform_pow2,buddy/event,40000,churn,20074,19927,2,0,50331648,24212992,24212992,31238656,8388608,0
uniform_pow2,buddy/event,45000,churn,22563,22438,2,0,50331648,26430208,26430208,31238656,16777216,0
uniform_pow2,buddy/event,50000,churn,25087,24914,2,0,50331648,30064896,30064896,31238656,16777216,0
uniform_pow2,buddy/event,55000,churn,27581,27420,2,0,50331648,25561088,25561088,31238656,16777216,0
uniform_pow2,buddy/event,60000,churn,30080,29921,2,0,50331648,30169600,30169600,31246080,8388608,0
uniform_pow2,buddy/event,65000,churn,32583,32418,2,0,50331648,29317888,29317888,31246080,16777216,0
uniform_pow2,buddy/event,70000,churn,35074,34927,2,0,50331648,21320960,21320960,31246080,16777216,0
uniform_pow2,buddy/event,75000,churn,37576,37425,2,0,50331648,27292416,27292416,31246080,16777216,0
uniform_pow2,buddy/event,80000,churn,40070,39931,2,0,50331648,26221056,26221056,31246080,16777216,0
uniform_pow2,buddy/event,85000,churn,42590,42411,2,0,50331648,26781952,26781952,31246080,16777216,0
uniform_pow2,buddy/event,90000,adversarial,45055,44946,2,0,50331648,20278528,20278528,31246080,8388608,0
uniform_pow2,buddy/event,95000,adversarial,50004,44997,2,0,50331648,19933952,19933952,31246080,8388608,0
uniform_pow2,buddy/event,100000,adversarial,54982,45019,2,0,50331648,19393024,19393024,31246080,8388608,0
uniform_pow2,buddy/event,105000,adversarial,59977,45024,2,0,50331648,19890688,19890688,31246080,16777216,0
uniform_pow2,buddy/event,110000,adversarial,64955,45046,2,0,50331648,19791360,19791360,31246080,16777216,0
uniform_pow2,buddy/event,115000,adversarial,69941,45060,2,0,50331648,19421696,19421696,31246080,16777216,0
uniform_pow2,buddy/event,120000,adversarial,74940,45061,2,0,50331648,19652864,19652864,31246080,16777216,0
uniform_pow2,buddy/event,125000,adversarial,79939,45062,2,0,50331648,19884032,19884032,31246080,16777216,0
uniform_pow2,buddy/event,130000,adversarial,82998,47003,2,0,50331648,27571456,27571456,31246080,16777216,0
uniform_pow2,buddy/event,135000,adversarial,85490,49511,2,0,50331648,28205312,28205312,31246080,16777216,0
uniform_pow2,buddy/event,140000,adversarial,87346,52655,2,0,50331648,30198784,30198784,31246080,16777216,0
uniform_pow2,buddy/event,145000,adversarial,89013,55988,2,0,50331648,30199040,30199040,31246080,16777216,0
uniform_pow2,buddy/event,150000,adversarial,91066,58935,2,0,50331648,30016256,30016256,31246080,16777216,0
uniform_pow2,buddy/event,155000,adversarial,93060,61941,2,0,50331648,30198784,30198784,31246080,16777216,0
uniform_pow2,buddy/event,160000,adversarial,94855,65146,2,0,50331648,28152064,28152064,31246080,16777216,0
uniform_pow2,buddy/event,165000,adversarial,97330,67671,2,0,50331648,25367552,25367552,31246080,16777216,0
uniform_pow2,buddy/event,170000,drain,99816,70185,2,0,50331648,25996800,25996800,31246080,16777216,0
uniform_pow2,buddy/event,175000,drain,99816,75185,2,0,50331648,21091584,21091584,31246080,16777216,0
uniform_pow2,buddy/event,180000,drain,99816,80185,2,0,50331648,17735168,17735168,31246080,16777216,0
uniform_pow2,buddy/event,185000,drain,99816,85185,2,0,50331648,13378560,13378560,31246080,16777216,0
uniform_pow2,buddy/event,190000,drain,99816,90185,2,0,50331648,8550400,8550400,31246080,16777216,0
uniform_pow2,buddy/event,195000,drain,99816,95185,2,0,50331648,3126528,3126528,31246080,16777216,0
uniform_pow2,buddy/event,199631,drain,99816,99816,2,0,50331648,0,0,31246080,16777216,0
uniform_pow2,freelist/same_stream,0,warmup,1,0,1,0,16777216,2048,2048,2048,8388608,0
uniform_pow2,freelist/same_stream,5000,warmup,2609,2392,2,0,33554432,26891264,26886400,28734976,1048576,0
uniform_pow2,freelist/same_stream,10000,churn,5083,4918,3,0,50331648,23175168,23171328,28734976,8388608,0
uniform_pow2,freelist/same_stream,15000,churn,7574,7427,3,0,50331648,21461504,21458688,31242240,4194304,0
uniform_pow2,freelist/same_stream,20000,churn,10080,9921,3,0,50331648,29365248,29363200,31242240,2097152,0
uniform_pow2,freelist/same_stream,25000,churn,12563,12438,3,0,50331648,23243264,23239936,31242240,2097152,0
uniform_pow2,freelist/same_stream,30000,churn,15071,14930,3,0,50331648,25464320,25462016,31242240,2097152,0
uniform_pow2,freelist/same_stream,35000,churn,17582,17419,3,0,50331648,30818816,30815488,31242240,1048576,0
uniform_pow2,freelist/same_stream,40000,churn,20074,19927,3,0,50331648,24217600,24212992,31242240,1048576,0
uniform_pow2,freelist/same_stream,45000,churn,22563,22438,3,0,50331648,26432512,26430208,31242240,1048576,0
uniform_pow2,freelist/same_stream,50000,churn,25087,24914,3,0,50331648,30066176,30064896,31242240,1048576,0
uniform_pow2,freelist/same_stream,55000,churn,27581,27420,3,0,50331648,25563648,25561088,31242240,1048576,0
uniform_pow2,freelist/same_stream,60000,churn,30080,29921,3,0,50331648,30172160,30169600,31250944,1048576,0
uniform_pow2,freelist/same_stream,65000,churn,32583,32418,3,0,50331648,29322240,29317888,31250944,1048576,0
uniform_pow2,freelist/same_stream,70000,churn,35074,34927,4,0,67108864,21324288,21320960,31250944,8388608,0
uniform_pow2,freelist/same_stream,75000,churn,37576,37425,4,0,67108864,27294208,27292416,31250944,8388608,0
uniform_pow2,freelist/same_stream,80000,churn,40070,39931,4,0,67108864,26224128,26221056,31250944,8388608,0
uniform_pow2,freelist/same_stream,85000,churn,42590,42411,4,0,67108864,26785280,26781952,31250944,8388608,0
uniform_pow2,freelist/same_stream,90000,adversarial,45055,44946,4,0,67108864,20281344,20278528,31250944,8388608,0
uniform_pow2,freelist/same_stream,95000,adversarial,50004,44997,4,0,67108864,21187072,19933952,31250944,8388608,0
uniform_pow2,freelist/same_stream,100000,adversarial,54982,45019,4,0,67108864,21915648,19393024,31250944,8388608,0
uniform_pow2,freelist/same_stream,105000,adversarial,59977,45024,4,0,67108864,23691264,19890688,31250944,4194304,0
uniform_pow2,freelist/same_stream,110000,adversarial,64955,45046,4,0,67108864,24859136,19791360,31250944,4194304,0
uniform_pow2,freelist/same_stream,115000,adversarial,69941,45060,4,0,67108864,25761792,19421696,31250944,2097152,0
uniform_pow2,freelist/same_stream,120000,adversarial,74940,45061,4,0,67108864,27272704,19652864,31250944,1048576,0
uniform_pow2,freelist/same_stream,125000,adversarial,79939,45062,5,0,83886080,28783616,19884032,31250944,8388608,0
uniform_pow2,freelist/same_stream,130000,adversarial,82998,47003,5,0,83886080,36237312,27571456,36238336,8388608,0
uniform_pow2,freelist/same_stream,135000,adversarial,85490,49511,5,0,83886080,36229120,28205312,36243456,8388608,0
uniform_pow2,freelist/same_stream,140000,adversarial,87346,52655,5,0,83886080,37422080,30198784,38145536,8388608,0
uniform_pow2,freelist/same_stream,145000,adversarial,89013,55988,5,0,83886080,36569088,30199040,38145536,8388608,0
uniform_pow2,freelist/same_stream,150000,adversarial,91066,58935,5,0,83886080,35632640,30016256,38145536,8388608,0
uniform_pow2,freelist/same_stream,155000,adversarial,93060,61941,5,0,83886080,35047424,30198784,38145536,8388608,0
uniform_pow2,freelist/same_stream,160000,adversarial,94855,65146,5,0,83886080,32185344,28152064,38145536,8388608,0
uniform_pow2,freelist/same_stream,165000,adversarial,97330,67671,5,0,83886080,28759040,25367552,38145536,8388608,0
uniform_pow2,freelist/same_stream,170000,drain,99816,70185,5,0,83886080,28744704,25996800,38145536,8388608,0
uniform_pow2,freelist/same_stream,175000,drain,99816,75185,5,0,83886080,23382528,21091584,38145536,8388608,0
uniform_pow2,freelist/same_stream,180000,drain,99816,80185,5,0,83886080,19572736,17735168,38145536,8388608,0
uniform_pow2,freelist/same_stream,185000,drain,99816,85185,5,0,83886080,14740480,13378560,38145536,8388608,0
uniform_pow2,freelist/same_stream,190000,drain,99816,90185,5,0,83886080,9446400,8550400,38145536,8388608,0
uniform_pow2,freelist/same_stream,195000,drain,99816,95185,5,0,83886080,3565056,3126528,38145536,8388608,0
uniform_pow2,freelist/same_stream,199631,drain,99816,99816,5,0,83886080,0,0,38145536,8388608,0
uniform_pow2,freelist/coarse_poll,0,warmup,1,0,1,0,16777216,2048,2048,2048,8388608,0
uniform_pow2,freelist/coarse_poll,5000,warmup,2609,2392,2,0,33554432,26891264,26886400,28734976,1048576,0
uniform_pow2,freelist/coarse_poll,10000,churn,5083,4918,3,0,50331648,23175168,23171328,28734976,8388608,0
uniform_pow2,freelist/coarse_poll,15000,churn,7574,7427,3,0,50331648,21461504,21458688,31242240,4194304,0
uniform_pow2,freelist/coarse_poll,20000,churn,10080,9921,3,0,50331648,29365248,29363200,31242240,2097152,0
uniform_pow2,freelist/coarse_poll,25000,churn,12563,12438,3,0,50331648,23243264,23239936,31242240,2097152,0
uniform_pow2,freelist/coarse_poll,30000,churn,15071,14930,3,0,50331648,25464320,25462016,31242240,2097152,0
uniform_pow2,freelist/coarse_poll,35000,churn,17582,17419,3,0,50331648,30818816,30815488,31242240,1048576,0
uniform_pow2,freelist/coarse_poll,40000,churn,20074,19927,3,0,50331648,24217600,24212992,31242240,1048576,0
uniform_pow2,freelist/coarse_poll,45000,churn,22563,22438,3,0,50331648,26432512,26430208,31242240,1048576,0
uniform_pow2,freelist/coarse_poll,50000,churn,25087,24914,3,0,50331648,30066176,30064896,31242240,1048576,0
uniform_pow2,freelist/coarse_poll,55000,churn,27581,27420,3,0,50331648,25563648,25561088,31242240,1048576,0
uniform_pow2,freelist/coarse_poll,60000,churn,30080,29921,3,0,50331648,30172160,30169600,31250944,1048576,0
uniform_pow2,freelist/coarse_poll,65000,churn,32583,32418,3,0,50331648,29322240,29317888,31250944,1048576,0
uniform_pow2,freelist/coarse_poll,70000,churn,35074,34927,4,0,67108864,21324288,21320960,31250944,8388608,0
uniform_pow2,freelist/coarse_poll,75000,churn,37576,37425,4,0,67108864,27294208,27292416,31250944,8388608,0
uniform_pow2,freelist/coarse_poll,80000,churn,40070,39931,4,0,67108864,26224128,26221056,31250944,8388608,0
uniform_pow2,freelist/coarse_poll,85000,churn,42590,42411,4,0,67108864,26785280,26781952,31250944,8388608,0
uniform_pow2,freelist/coarse_poll,90000,adversarial,45055,44946,4,0,67108864,20281344,20278528,31250944,8388608,0
uniform_pow2,freelist/coarse_poll,95000,adversarial,50004,44997,4,0,67108864,21187072,19933952,31250944,8388608,0
uniform_pow2,freelist/coarse_poll,100000,adversarial,54982,45019,4,0,67108864,21915648,19393024,31250944,8388608,0
uniform_pow2,freelist/coarse_poll,105000,adversarial,59977,45024,4,0,67108864,23691264,19890688,31250944,4194304,0
uniform_pow2,freelist/coarse_poll,110000,adversarial,64955,45046,4,0,67108864,24859136,19791360,31250944,4194304,0
uniform_pow2,freelist/coarse_poll,115000,adversarial,69941,45060,4,0,67108864,25761792,19421696,31250944,2097152,0
uniform_pow2,freelist/coarse_poll,120000,adversarial,74940,45061,4,0,67108864,27272704,19652864,31250944,1048576,0
uniform_pow2,freelist/coarse_poll,125000,adversarial,79939,45062,5,0,83886080,28783616,19884032,31250944,8388608,0
uniform_pow2,freelist/coarse_poll,130000,adversarial,82998,47003,5,0,83886080,36237312,27571456,36238336,8388608,0
uniform_pow2,freelist/coarse_poll,135000,adversarial,85490,49511,5,0,83886080,36229120,28205312,36243456,8388608,0
uniform_pow2,freelist/coarse_poll,140000,adversarial,87346,52655,5,0,83886080,37422080,30198784,38145536,8388608,0
uniform_pow2,freelist/coarse_poll,145000,adversarial,89013,55988,5,0,83886080,36569088,30199040,38145536,8388608,0
uniform_pow2,freelist/coarse_poll,150000,adversarial,91066,58935,5,0,83886080,35632640,30016256,38145536,8388608,0
uniform_pow2,freelist/coarse_poll,155000,adversarial,93060,61941,5,0,83886080,35047424,30198784,38145536,8388608,0
uniform_pow2,freelist/coarse_poll,160000,adversarial,94855,65146,5,0,83886080,32185344,28152064,38145536,8388608,0
uniform_pow2,freelist/coarse_poll,165000,adversarial,97330,67671,5,0,83886080,28759040,25367552,38145536,8388608,0
uniform_pow2,freelist/coarse_poll,170000,drain,99816,70185,5,0,83886080,28744704,25996800,38145536,8388608,0
uniform_pow2,freelist/coarse_poll,175000,drain,99816,75185,5,0,83886080,23382528,21091584,38145536,8388608,0
uniform_pow2,freelist/coarse_poll,180000,drain,99816,80185,5,0,83886080,19572736,17735168,38145536,8388608,0
uniform_pow2,freelist/coarse_poll,185000,drain,99816,85185,5,0,83886080,14740480,13378560,38145536,8388608,0
uniform_pow2,freelist/coarse_poll,190000,drain,99816,90185,5,0,83886080,9446400,8550400,38145536,8388608,0
uniform_pow2,freelist/coarse_poll,195000,drain,99816,95185,5,0,83886080,3565056,3126528,38145536,8388608,0
uniform_pow2,freelist/coarse_poll,199631,drain,99816,99816,5,0,83886080,0,0,38145536,8388608,0
uniform_pow2,freelist/event,0,warmup,1,0,1,0,16777216,2048,2048,2048,8388608,0
uniform_pow2,freelist/event,5000,warmup,2609,2392,2,0,33554432,26891264,26886400,28734976,1048576,0
uniform_pow2,freelist/event,10000,churn,5083,4918,3,0,50331648,23175168,23171328,28734976,8388608,0
uniform_pow2,freelist/event,15000,churn,7574,7427,3,0,50331648,21461504,21458688,31242240,4194304,0
uniform_pow2,freelist/event,20000,churn,10080,9921,3,0,50331648,29365248,29363200,31242240,2097152,0
uniform_pow2,freelist/event,25000,churn,12563,12438,3,0,50331648,23243264,23239936,31242240,2097152,0
uniform_pow2,freelist/event,30000,churn,15071,14930,3,0,50331648,25464320,25462016,31242240,2097152,0
uniform_pow2,freelist/event,35000,churn,17582,17419,3,0,50331648,30818816,30815488,31242240,1048576,0
uniform_pow2,freelist/event,40000,churn,20074,19927,3,0,50331648,24217600,24212992,31242240,1048576,0
uniform_pow2,freelist/event,45000,churn,22563,22438,3,0,50331648,26432512,26430208,31242240,1048576,0
uniform_pow2,freelist/event,50000,churn,25087,24914,3,0,50331648,30066176,30064896,31242240,1048576,0
uniform_pow2,freelist/event,55000,churn,27581,27420,3,0,50331648,25563648,25561088,31242240,1048576,0
uniform_pow2,freelist/event,60000,churn,30080,29921,3,0,50331648,30172160,30169600,31250944,1048576,0
uniform_pow2,freelist/event,65000,churn,32583,32418,3,0,50331648,29322240,29317888,31250944,1048576,0
uniform_pow2,freelist/event,70000,churn,35074,34927,4,0,67108864,21324288,21320960,31250944,8388608,0
uniform_pow2,freelist/event,75000,churn,37576,37425,4,0,67108864,27294208,27292416,31250944,8388608,0
uniform_pow2,freelist/event,80000,churn,40070,39931,4,0,67108864,26224128,26221056,31250944,8388608,0
uniform_pow2,freelist/event,85000,churn,42590,42411,4,0,67108864,26785280,26781952,31250944,8388608,0
uniform_pow2,freelist/event,90000,adversarial,45055,44946,4,0,67108864,20281344,20278528,31250944,8388608,0
uniform_pow2,freelist/event,95000,adversarial,50004,44997,4,0,67108864,21187072,19933952,31250944,8388608,0
uniform_pow2,freelist/event,100000,adversarial,54982,45019,4,0,67108864,21915648,19393024,31250944,8388608,0
uniform_pow2,freelist/event,105000,adversarial,59977,45024,4,0,67108864,23691264,19890688,31250944,4194304,0
uniform_pow2,freelist/event,110000,adversarial,64955,45046,4,0,67108864,24859136,19791360,31250944,4194304,0
uniform_pow2,freelist/event,115000,adversarial,69941,45060,4,0,67108864,25761792,19421696,31250944,2097152,0
uniform_pow2,freelist/event,120000,adversarial,74940,45061,4,0,67108864,27272704,19652864,31250944,1048576,0
uniform_pow2,freelist/event,125000,adversarial,79939,45062,5,0,83886080,28783616,19884032,31250944,8388608,0
uniform_pow2,freelist/event,130000,adversarial,82998,47003,5,0,83886080,36237312,27571456,36238336,8388608,0
uniform_pow2,freelist/event,135000,adversarial,85490,49511,5,0,83886080,36229120,28205312,36243456,8388608,0
uniform_pow2,freelist/event,140000,adversarial,87346,52655,5,0,83886080,37422080,30198784,38145536,8388608,0
uniform_pow2,freelist/event,145000,adversarial,89013,55988,5,0,83886080,36569088,30199040,38145536,8388608,0
uniform_pow2,freelist/event,150000,adversarial,91066,58935,5,0,83886080,35632640,30016256,38145536,8388608,0
uniform_pow2,freelist/event,155000,adversarial,93060,61941,5,0,83886080,35047424,30198784,38145536,8388608,0
uniform_pow2,freelist/event,160000,adversarial,94855,65146,5,0,83886080,32185344,28152064,38145536,8388608,0
uniform_pow2,freelist/event,165000,adversarial,97330,67671,5,0,83886080,28759040,25367552,38145536,8388608,0
uniform_pow2,freelist/event,170000,drain,99816,70185,5,0,83886080,28744704,25996800,38145536,8388608,0
uniform_pow2,freelist/event,175000,drain,99816,75185,5,0,83886080,23382528,21091584,38145536,8388608,0
uniform_pow2,freelist/event,180000,drain,99816,80185,5,0,83886080,19572736,17735168,38145536,8388608,0
uniform_pow2,freelist/event,185000,drain,99816,85185,5,0,83886080,14740480,13378560,38145536,8388608,0
uniform_pow2,freelist/event,190000,drain,99816,90185,5,0,83886080,9446400,8550400,38145536,8388608,0
uniform_pow2,freelist/event,195000,drain,99816,95185,5,0,83886080,3565056,3126528,38145536,8388608,0
uniform_pow2,freelist/event,199631,drain,99816,99816,5,0,83886080,0,0,38145536,8388608,0
